policy_id,age
P45001,49
P45002,26
P45003,26
P45004,34
P45005,24
P45006,27
P45007,43
P45008,25
P45009,33
P45010,43
P45011,41
P45012,49
P45013,37
P45014,33
P45015,23
P45016,27
P45017,55
P45018,31
P45019,34
P45020,53
P45021,53
P45022,42
P45023,53
P45024,40
P45025,36
P45026,23
P45027,56
P45028,28
P45029,41
P45030,24
P45031,53
P45032,36
P45033,36
P45034,37
P45035,41
P45036,23
P45037,23
P45038,41
P45039,29
P45040,30
P45041,33
P45042,32
P45043,37
P45044,53
P45045,36
P45046,43
P45047,25
P45048,30
P45049,25
P45050,38
P45051,43
P45052,36
P45053,25
P45054,38
P45055,44
P45056,29
P45057,49
P45058,32
P45059,31
P45060,46
P45061,38
P45062,26
P45063,36
P45064,27
P45065,61
P45066,23
P45067,25
P45068,26
P45069,43
P45070,46
P45071,25
P45072,36
P45073,23
P45074,45
P45075,34
P45076,56
P45077,43
P45078,46
P45079,44
P45080,30
P45081,37
P45082,56
P45083,43
P45084,30
P45085,39
P45086,50
P45087,46
P45088,39
P45089,38
P45090,33
P45091,24
P45092,48
P45093,43
P45094,23
P45095,26
P45096,30
P45097,28
P45098,24
P45099,43
P45100,23
P45101,35
P45102,24
P45103,46
P45104,24
P45105,33
P45106,36
P45107,40
P45108,38
P45109,50
P45110,43
P45111,45
P45112,49
P45113,29
P45114,23
P45115,24
P45116,33
P45117,26
P45118,34
P45119,26
P45120,44
P45121,43
P45122,26
P45123,43
P45124,53
P45125,33
P45126,33
P45127,53
P45128,40
P45129,34
P45130,36
P45131,23
P45132,34
P45133,41
P45134,40
P45135,40
P45136,23
P45137,43
P45138,37
P45139,37
P45140,37
P45141,25
P45142,46
P45143,46
P45144,23
P45145,36
P45146,50
P45147,33
P45148,43
P45149,50
P45150,66
P45151,31
P45152,43
P45153,47
P45154,26
P45155,30
P45156,53
P45157,51
P45158,32
P45159,30
P45160,43
P45161,28
P45162,23
P45163,40
P45164,46
P45165,37
P45166,30
P45167,50
P45168,58
P45169,25
P45170,33
P45171,30
P45172,33
P45173,40
P45174,35
P45175,42
P45176,25
P45177,43
P45178,53
P45179,40
P45180,44
P45181,43
P45182,40
P45183,43
P45184,27
P45185,28
P45186,25
P45187,24
P45188,41
P45189,43
P45190,36
P45191,56
P45192,30
P45193,32
P45194,23
P45195,42
P45196,29
P45197,50
P45198,33
P45199,37
P45200,36
P45201,26
P45202,40
P45203,27
P45204,23
P45205,46
P45206,33
P45207,32
P45208,41
P45209,46
P45210,26
P45211,43
P45212,25
P45213,53
P45214,26
P45215,43
P45216,36
P45217,50
P45218,40
P45219,56
P45220,41
P45221,49
P45222,38
P45223,34
P45224,40
P45225,26
P45226,38
P45227,32
P45228,27
P45229,30
P45230,41
P45231,36
P45232,56
P45233,43
P45234,37
P45235,29
P45236,25
P45237,38
P45238,33
P45239,35
P45240,37
P45241,26
P45242,50
P45243,23
P45244,53
P45245,27
P45246,35
P45247,40
P45248,43
P45249,49
P45250,37
P45251,30
P45252,26
P45253,24
P45254,40
P45255,36
P45256,40
P45257,26
P45258,37
P45259,28
P45260,37
P45261,36
P45262,40
P45263,37
P45264,44
P45265,56
P45266,42
P45267,49
P45268,40
P45269,23
P45270,56
P45271,32
P45272,36
P45273,46
P45274,34
P45275,43
P45276,29
P45277,37
P45278,49
P45279,26
P45280,40
P45281,40
P45282,33
P45283,43
P45284,39
P45285,27
P45286,33
P45287,23
P45288,37
P45289,36
P45290,38
P45291,39
P45292,37
P45293,46
P45294,31
P45295,23
P45296,27
P45297,47
P45298,43
P45299,48
P45300,37
P45301,43
P45302,31
P45303,23
P45304,28
P45305,47
P45306,29
P45307,30
P45308,43
P45309,23
P45310,34
P45311,30
P45312,50
P45313,44
P45314,33
P45315,37
P45316,34
P45317,42
P45318,41
P45319,31
P45320,46
P45321,28
P45322,43
P45323,23
P45324,23
P45325,46
P45326,32
P45327,31
P45328,36
P45329,44
P45330,38
P45331,24
P45332,42
P45333,27
P45334,30
P45335,50
P45336,40
P45337,43
P45338,30
P45339,30
P45340,40
P45341,37
P45342,46
P45343,50
P45344,25
P45345,34
P45346,29
P45347,32
P45348,53
P45349,38
P45350,40
P45351,59
P45352,30
P45353,33
P45354,36
P45355,25
P45356,38
P45357,26
P45358,30
P45359,27
P45360,33
P45361,38
P45362,38
P45363,43
P45364,24
P45365,46
P45366,43
P45367,40
P45368,39
P45369,25
P45370,23
P45371,33
P45372,56
P45373,43
P45374,31
P45375,30
P45376,37
P45377,40
P45378,50
P45379,30
P45380,34
P45381,34
P45382,43
P45383,27
P45384,38
P45385,29
P45386,34
P45387,36
P45388,60
P45389,27
P45390,43
P45391,27
P45392,29
P45393,27
P45394,34
P45395,33
P45396,25
P45397,49
P45398,46
P45399,31
P45400,32
P45401,50
P45402,43
P45403,27
P45404,26
P45405,37
P45406,40
P45407,29
P45408,32
P45409,46
P45410,40
P45411,24
P45412,40
P45413,47
P45414,35
P45415,56
P45416,50
P45417,23
P45418,32
P45419,40
P45420,43
P45421,45
P45422,50
P45423,36
P45424,36
P45425,26
P45426,33
P45427,37
P45428,33
P45429,36
P45430,43
P45431,24
P45432,37
P45433,38
P45434,29
P45435,25
P45436,29
P45437,33
P45438,25
P45439,30
P45440,36
P45441,50
P45442,28
P45443,29
P45444,38
P45445,24
P45446,39
P45447,42
P45448,27
P45449,29
P45450,24
P45451,28
P45452,36
P45453,37
P45454,53
P45455,36
P45456,35
P45457,40
P45458,29
P45459,39
P45460,30
P45461,48
P45462,30
P45463,32
P45464,26
P45465,31
P45466,33
P45467,32
P45468,26
P45469,24
P45470,23
P45471,29
P45472,29
P45473,39
P45474,35
P45475,54
P45476,29
P45477,27
P45478,26
P45479,36
P45480,30
P45481,57
P45482,43
P45483,27
P45484,38
P45485,49
P45486,40
P45487,41
P45488,30
P45489,40
P45490,23
P45491,37
P45492,30
P45493,30
P45494,39
P45495,43
P45496,45
P45497,44
P45498,23
P45499,35
P45500,40
P45501,29
P45502,45
P45503,45
P45504,50
P45505,37
P45506,35
P45507,53
P45508,43
P45509,36
P45510,41
P45511,55
P45512,25
P45513,48
P45514,30
P45515,55
P45516,45
P45517,43
P45518,23
P45519,39
P45520,35
P45521,24
P45522,39
P45523,33
P45524,40
P45525,40
P45526,42
P45527,29
P45528,41
P45529,31
P45530,46
P45531,37
P45532,24
P45533,36
P45534,33
P45535,28
P45536,36
P45537,43
P45538,56
P45539,36
P45540,45
P45541,30
P45542,26
P45543,36
P45544,38
P45545,37
P45546,30
P45547,30
P45548,32
P45549,52
P45550,32
P45551,40
P45552,39
P45553,43
P45554,26
P45555,31
P45556,46
P45557,50
P45558,28
P45559,43
P45560,26
P45561,26
P45562,39
P45563,26
P45564,46
P45565,39
P45566,23
P45567,33
P45568,24
P45569,23
P45570,44
P45571,26
P45572,26
P45573,30
P45574,26
P45575,38
P45576,33
P45577,40
P45578,51
P45579,26
P45580,32
P45581,23
P45582,34
P45583,26
P45584,33
P45585,28
P45586,33
P45587,29
P45588,50
P45589,43
P45590,24
P45591,23
P45592,26
P45593,39
P45594,25
P45595,39
P45596,35
P45597,23
P45598,31
P45599,30
P45600,23
P45601,46
P45602,50
P45603,50
P45604,30
P45605,54
P45606,53
P45607,40
P45608,56
P45609,34
P45610,29
P45611,42
P45612,44
P45613,27
P45614,46
P45615,43
P45616,33
P45617,36
P45618,26
P45619,43
P45620,28
P45621,43
P45622,31
P45623,30
P45624,40
P45625,35
P45626,51
P45627,50
P45628,45
P45629,29
P45630,40
P45631,46
P45632,31
P45633,46
P45634,39
P45635,29
P45636,43
P45637,40
P45638,26
P45639,37
P45640,33
P45641,45
P45642,32
P45643,36
P45644,38
P45645,30
P45646,37
P45647,56
P45648,27
P45649,36
P45650,40
P45651,27
P45652,43
P45653,25
P45654,35
P45655,48
P45656,34
P45657,43
P45658,36
P45659,43
P45660,26
P45661,26
P45662,46
P45663,53
P45664,30
P45665,26
P45666,39
P45667,33
P45668,46
P45669,45
P45670,26
P45671,39
P45672,38
P45673,36
P45674,33
P45675,23
P45676,30
P45677,46
P45678,46
P45679,28
P45680,44
P45681,56
P45682,50
P45683,26
P45684,52
P45685,50
P45686,39
P45687,36
P45688,33
P45689,31
P45690,33
P45691,36
P45692,33
P45693,34
P45694,50
P45695,26
P45696,30
P45697,25
P45698,40
P45699,29
P45700,24
P45701,25
P45702,43
P45703,39
P45704,28
P45705,44
P45706,44
P45707,44
P45708,36
P45709,37
P45710,33
P45711,37
P45712,33
P45713,34
P45714,43
P45715,40
P45716,29
P45717,27
P45718,26
P45719,36
P45720,36
P45721,26
P45722,33
P45723,27
P45724,30
P45725,26
P45726,35
P45727,34
P45728,43
P45729,40
P45730,46
P45731,30
P45732,31
P45733,43
P45734,43
P45735,27
P45736,34
P45737,29
P45738,46
P45739,36
P45740,27
P45741,32
P45742,32
P45743,36
P45744,39
P45745,26
P45746,46
P45747,24
P45748,46
P45749,50
P45750,50
P45751,25
P45752,46
P45753,50
P45754,33
P45755,40
P45756,26
P45757,46
P45758,43
P45759,56
P45760,23
P45761,40
P45762,32
P45763,43
P45764,43
P45765,40
P45766,50
P45767,56
P45768,40
P45769,44
P45770,44
P45771,54
P45772,23
P45773,27
P45774,27
P45775,31
P45776,59
P45777,41
P45778,24
P45779,43
P45780,35
P45781,38
P45782,26
P45783,30
P45784,25
P45785,31
P45786,46
P45787,33
P45788,30
P45789,43
P45790,28
P45791,29
P45792,26
P45793,28
P45794,33
P45795,34
P45796,44
P45797,23
P45798,30
P45799,23
P45800,41
P45801,37
P45802,46
P45803,36
P45804,43
P45805,31
P45806,33
P45807,24
P45808,26
P45809,43
P45810,23
P45811,29
P45812,26
P45813,56
P45814,23
P45815,30
P45816,25
P45817,23
P45818,46
P45819,50
P45820,28
P45821,29
P45822,40
P45823,46
P45824,40
P45825,35
P45826,29
P45827,26
P45828,43
P45829,45
P45830,33
P45831,46
P45832,46
P45833,34
P45834,55
P45835,50
P45836,46
P45837,46
P45838,36
P45839,25
P45840,29
P45841,36
P45842,30
P45843,26
P45844,34
P45845,32
P45846,33
P45847,23
P45848,43
P45849,26
P45850,35
P45851,44
P45852,39
P45853,31
P45854,27
P45855,23
P45856,37
P45857,33
P45858,29
P45859,29
P45860,33
P45861,32
P45862,28
P45863,33
P45864,23
P45865,54
P45866,36
P45867,50
P45868,26
P45869,54
P45870,26
P45871,56
P45872,48
P45873,25
P45874,23
P45875,58
P45876,38
P45877,39
P45878,23
P45879,35
P45880,38
P45881,50
P45882,48
P45883,50
P45884,27
P45885,40
P45886,45
P45887,36
P45888,40
P45889,48
P45890,36
P45891,39
P45892,28
P45893,36
P45894,43
P45895,47
P45896,31
P45897,24
P45898,25
P45899,45
P45900,36
P45901,26
P45902,28
P45903,38
P45904,30
P45905,27
P45906,42
P45907,56
P45908,29
P45909,46
P45910,63
P45911,30
P45912,36
P45913,39
P45914,37
P45915,27
P45916,45
P45917,44
P45918,38
P45919,34
P45920,30
P45921,53
P45922,43
P45923,42
P45924,23
P45925,30
P45926,29
P45927,38
P45928,40
P45929,36
P45930,30
P45931,26
P45932,50
P45933,27
P45934,30
P45935,30
P45936,36
P45937,29
P45938,38
P45939,56
P45940,40
P45941,43
P45942,41
P45943,38
P45944,30
P45945,35
P45946,45
P45947,36
P45948,32
P45949,23
P45950,30
P45951,53
P45952,27
P45953,36
P45954,50
P45955,32
P45956,31
P45957,24
P45958,54
P45959,33
P45960,36
P45961,26
P45962,44
P45963,56
P45964,44
P45965,31
P45966,38
P45967,46
P45968,33
P45969,33
P45970,40
P45971,23
P45972,26
P45973,37
P45974,38
P45975,40
P45976,45
P45977,33
P45978,26
P45979,40
P45980,46
P45981,33
P45982,41
P45983,32
P45984,34
P45985,30
P45986,26
P45987,44
P45988,53
P45989,34
P45990,31
P45991,35
P45992,40
P45993,50
P45994,32
P45995,42
P45996,56
P45997,25
P45998,30
P45999,43
P46000,30
P46001,44
P46002,26
P46003,30
P46004,40
P46005,41
P46006,47
P46007,30
P46008,40
P46009,36
P46010,50
P46011,36
P46012,30
P46013,40
P46014,30
P46015,24
P46016,32
P46017,38
P46018,33
P46019,29
P46020,45
P46021,46
P46022,48
P46023,30
P46024,23
P46025,30
P46026,53
P46027,41
P46028,32
P46029,33
P46030,40
P46031,26
P46032,53
P46033,23
P46034,56
P46035,38
P46036,56
P46037,48
P46038,31
P46039,26
P46040,34
P46041,33
P46042,26
P46043,43
P46044,28
P46045,33
P46046,37
P46047,24
P46048,33
P46049,33
P46050,45
P46051,36
P46052,32
P46053,31
P46054,34
P46055,43
P46056,38
P46057,41
P46058,30
P46059,26
P46060,23
P46061,30
P46062,29
P46063,51
P46064,30
P46065,34
P46066,53
P46067,38
P46068,40
P46069,33
P46070,38
P46071,50
P46072,36
P46073,36
P46074,26
P46075,30
P46076,43
P46077,43
P46078,26
P46079,36
P46080,27
P46081,31
P46082,34
P46083,40
P46084,33
P46085,44
P46086,42
P46087,43
P46088,50
P46089,33
P46090,36
P46091,36
P46092,30
P46093,43
P46094,40
P46095,43
P46096,30
P46097,33
P46098,33
P46099,47
P46100,34
P46101,30
P46102,39
P46103,36
P46104,40
P46105,32
P46106,34
P46107,23
P46108,23
P46109,56
P46110,40
P46111,36
P46112,38
P46113,47
P46114,53
P46115,23
P46116,30
P46117,33
P46118,36
P46119,36
P46120,50
P46121,30
P46122,46
P46123,33
P46124,40
P46125,40
P46126,26
P46127,43
P46128,46
P46129,26
P46130,33
P46131,50
P46132,40
P46133,51
P46134,56
P46135,60
P46136,24
P46137,53
P46138,49
P46139,30
P46140,53
P46141,33
P46142,40
P46143,50
P46144,38
P46145,40
P46146,51
P46147,26
P46148,38
P46149,29
P46150,39
P46151,40
P46152,36
P46153,43
P46154,28
P46155,57
P46156,25
P46157,31
P46158,23
P46159,32
P46160,46
P46161,41
P46162,28
P46163,29
P46164,46
P46165,26
P46166,31
P46167,34
P46168,27
P46169,35
P46170,23
P46171,43
P46172,39
P46173,31
P46174,27
P46175,35
P46176,43
P46177,36
P46178,40
P46179,30
P46180,26
P46181,42
P46182,42
P46183,25
P46184,41
P46185,41
P46186,39
P46187,35
P46188,46
P46189,26
P46190,30
P46191,34
P46192,24
P46193,31
P46194,33
P46195,42
P46196,36
P46197,43
P46198,29
P46199,56
P46200,28
P46201,43
P46202,50
P46203,35
P46204,33
P46205,33
P46206,28
P46207,45
P46208,42
P46209,25
P46210,36
P46211,36
P46212,28
P46213,44
P46214,43
P46215,36
P46216,34
P46217,46
P46218,30
P46219,40
P46220,50
P46221,23
P46222,33
P46223,33
P46224,56
P46225,24
P46226,30
P46227,56
P46228,23
P46229,30
P46230,25
P46231,30
P46232,38
P46233,36
P46234,40
P46235,27
P46236,35
P46237,49
P46238,43
P46239,36
P46240,26
P46241,33
P46242,48
P46243,46
P46244,28
P46245,23
P46246,50
P46247,39
P46248,36
P46249,51
P46250,57
P46251,43
P46252,37
P46253,36
P46254,33
P46255,45
P46256,33
P46257,30
P46258,50
P46259,46
P46260,46
P46261,23
P46262,35
P46263,40
P46264,26
P46265,30
P46266,32
P46267,24
P46268,25
P46269,35
P46270,27
P46271,56
P46272,27
P46273,34
P46274,50
P46275,26
P46276,26
P46277,40
P46278,23
P46279,28
P46280,28
P46281,31
P46282,50
P46283,25
P46284,32
P46285,29
P46286,29
P46287,36
P46288,40
P46289,35
P46290,51
P46291,26
P46292,26
P46293,43
P46294,42
P46295,53
P46296,33
P46297,37
P46298,32
P46299,60
P46300,31
P46301,60
P46302,26
P46303,33
P46304,26
P46305,24
P46306,26
P46307,53
P46308,46
P46309,39
P46310,42
P46311,29
P46312,40
P46313,30
P46314,63
P46315,50
P46316,40
P46317,36
P46318,35
P46319,29
P46320,36
P46321,29
P46322,36
P46323,51
P46324,30
P46325,35
P46326,43
P46327,23
P46328,49
P46329,26
P46330,33
P46331,40
P46332,41
P46333,23
P46334,41
P46335,32
P46336,30
P46337,37
P46338,23
P46339,27
P46340,28
P46341,42
P46342,41
P46343,27
P46344,24
P46345,23
P46346,32
P46347,43
P46348,46
P46349,46
P46350,40
P46351,48
P46352,40
P46353,50
P46354,36
P46355,36
P46356,46
P46357,35
P46358,36
P46359,53
P46360,26
P46361,48
P46362,34
P46363,36
P46364,46
P46365,34
P46366,56
P46367,41
P46368,44
P46369,48
P46370,46
P46371,37
P46372,33
P46373,38
P46374,45
P46375,23
P46376,28
P46377,44
P46378,42
P46379,42
P46380,39
P46381,24
P46382,26
P46383,29
P46384,40
P46385,30
P46386,40
P46387,43
P46388,36
P46389,27
P46390,39
P46391,35
P46392,43
P46393,43
P46394,26
P46395,25
P46396,31
P46397,33
P46398,26
P46399,53
P46400,55
P46401,42
P46402,33
P46403,26
P46404,32
P46405,30
P46406,23
P46407,40
P46408,43
P46409,27
P46410,53
P46411,46
P46412,36
P46413,42
P46414,38
P46415,33
P46416,36
P46417,27
P46418,28
P46419,31
P46420,37
P46421,36
P46422,30
P46423,44
P46424,30
P46425,43
P46426,34
P46427,36
P46428,58
P46429,39
P46430,30
P46431,30
P46432,40
P46433,30
P46434,49
P46435,36
P46436,56
P46437,43
P46438,25
P46439,28
P46440,56
P46441,50
P46442,42
P46443,40
P46444,51
P46445,40
P46446,26
P46447,28
P46448,31
P46449,46
P46450,36
P46451,30
P46452,46
P46453,39
P46454,43
P46455,40
P46456,23
P46457,46
P46458,35
P46459,46
P46460,26
P46461,33
P46462,40
P46463,30
P46464,24
P46465,27
P46466,31
P46467,23
P46468,37
P46469,36
P46470,40
P46471,37
P46472,26
P46473,37
P46474,38
P46475,60
P46476,56
P46477,27
P46478,50
P46479,54
P46480,33
P46481,26
P46482,38
P46483,26
P46484,28
P46485,46
P46486,36
P46487,26
P46488,39
P46489,30
P46490,27
P46491,43
P46492,36
P46493,27
P46494,35
P46495,38
P46496,26
P46497,40
P46498,26
P46499,44
P46500,50
P46501,26
P46502,28
P46503,49
P46504,33
P46505,44
P46506,45
P46507,54
P46508,38
P46509,37
P46510,30
P46511,30
P46512,36
P46513,30
P46514,29
P46515,32
P46516,26
P46517,43
P46518,29
P46519,24
P46520,26
P46521,30
P46522,40
P46523,24
P46524,33
P46525,29
P46526,23
P46527,40
P46528,39
P46529,30
P46530,40
P46531,30
P46532,32
P46533,38
P46534,48
P46535,36
P46536,62
P46537,41
P46538,40
P46539,45
P46540,30
P46541,38
P46542,30
P46543,32
P46544,53
P46545,31
P46546,35
P46547,43
P46548,43
P46549,57
P46550,50
P46551,26
P46552,54
P46553,24
P46554,31
P46555,37
P46556,41
P46557,36
P46558,50
P46559,31
P46560,26
P46561,26
P46562,36
P46563,28
P46564,56
P46565,30
P46566,29
P46567,23
P46568,31
P46569,36
P46570,46
P46571,40
P46572,24
P46573,31
P46574,30
P46575,46
P46576,56
P46577,34
P46578,24
P46579,31
P46580,26
P46581,23
P46582,30
P46583,42
P46584,29
P46585,43
P46586,36
P46587,40
P46588,47
P46589,45
P46590,43
P46591,40
P46592,31
P46593,30
P46594,43
P46595,40
P46596,28
P46597,32
P46598,50
P46599,56
P46600,38
P46601,25
P46602,47
P46603,36
P46604,42
P46605,40
P46606,30
P46607,24
P46608,25
P46609,27
P46610,28
P46611,50
P46612,40
P46613,24
P46614,30
P46615,26
P46616,25
P46617,41
P46618,46
P46619,36
P46620,40
P46621,30
P46622,40
P46623,23
P46624,40
P46625,35
P46626,37
P46627,27
P46628,30
P46629,34
P46630,28
P46631,23
P46632,30
P46633,31
P46634,50
P46635,26
P46636,32
P46637,56
P46638,32
P46639,33
P46640,40
P46641,46
P46642,39
P46643,40
P46644,36
P46645,46
P46646,26
P46647,33
P46648,26
P46649,31
P46650,33
P46651,43
P46652,38
P46653,46
P46654,35
P46655,40
P46656,42
P46657,50
P46658,33
P46659,43
P46660,26
P46661,40
P46662,33
P46663,33
P46664,46
P46665,25
P46666,36
P46667,31
P46668,26
P46669,23
P46670,41
P46671,26
P46672,37
P46673,37
P46674,33
P46675,33
P46676,56
P46677,52
P46678,23
P46679,32
P46680,34
P46681,32
P46682,40
P46683,53
P46684,30
P46685,28
P46686,39
P46687,27
P46688,40
P46689,49
P46690,25
P46691,30
P46692,43
P46693,28
P46694,24
P46695,26
P46696,56
P46697,35
P46698,39
P46699,36
P46700,37
P46701,48
P46702,37
P46703,33
P46704,23
P46705,41
P46706,40
P46707,37
P46708,24
P46709,37
P46710,33
P46711,46
P46712,26
P46713,46
P46714,26
P46715,28
P46716,43
P46717,40
P46718,42
P46719,46
P46720,58
P46721,26
P46722,40
P46723,47
P46724,40
P46725,45
P46726,39
P46727,30
P46728,26
P46729,32
P46730,44
P46731,33
P46732,38
P46733,53
P46734,37
P46735,36
P46736,40
P46737,46
P46738,40
P46739,41
P46740,40
P46741,42
P46742,32
P46743,38
P46744,33
P46745,45
P46746,27
P46747,26
P46748,32
P46749,28
P46750,50
P46751,28
P46752,35
P46753,24
P46754,29
P46755,40
P46756,41
P46757,33
P46758,33
P46759,33
P46760,43
P46761,40
P46762,37
P46763,23
P46764,27
P46765,39
P46766,46
P46767,34
P46768,46
P46769,24
P46770,45
P46771,32
P46772,47
P46773,40
P46774,33
P46775,26
P46776,39
P46777,48
P46778,26
P46779,28
P46780,38
P46781,36
P46782,30
P46783,48
P46784,36
P46785,41
P46786,43
P46787,48
P46788,33
P46789,38
P46790,37
P46791,50
P46792,26
P46793,28
P46794,32
P46795,26
P46796,40
P46797,36
P46798,43
P46799,26
P46800,43
P46801,26
P46802,23
P46803,53
P46804,33
P46805,40
P46806,36
P46807,55
P46808,27
P46809,26
P46810,41
P46811,50
P46812,54
P46813,38
P46814,36
P46815,29
P46816,31
P46817,37
P46818,29
P46819,47
P46820,25
P46821,28
P46822,50
P46823,35
P46824,33
P46825,23
P46826,23
P46827,33
P46828,32
P46829,37
P46830,27
P46831,35
P46832,30
P46833,32
P46834,41
P46835,28
P46836,30
P46837,53
P46838,49
P46839,25
P46840,26
P46841,46
P46842,43
P46843,32
P46844,58
P46845,33
P46846,33
P46847,33
P46848,25
P46849,35
P46850,32
P46851,40
P46852,38
P46853,47
P46854,24
P46855,26
P46856,27
P46857,28
P46858,38
P46859,36
P46860,36
P46861,23
P46862,39
P46863,27
P46864,48
P46865,33
P46866,46
P46867,23
P46868,25
P46869,36
P46870,43
P46871,33
P46872,40
P46873,52
P46874,30
P46875,55
P46876,38
P46877,56
P46878,33
P46879,28
P46880,40
P46881,43
P46882,26
P46883,45
P46884,46
P46885,53
P46886,26
P46887,46
P46888,25
P46889,36
P46890,33
P46891,38
P46892,30
P46893,36
P46894,37
P46895,43
P46896,29
P46897,39
P46898,23
P46899,27
P46900,36
P46901,33
P46902,24
P46903,23
P46904,42
P46905,31
P46906,43
P46907,33
P46908,46
P46909,26
P46910,30
P46911,44
P46912,23
P46913,23
P46914,25
P46915,54
P46916,34
P46917,35
P46918,42
P46919,40
P46920,26
P46921,33
P46922,46
P46923,39
P46924,39
P46925,36
P46926,32
P46927,46
P46928,40
P46929,43
P46930,40
P46931,40
P46932,50
P46933,57
P46934,46
P46935,43
P46936,34
P46937,23
P46938,41
P46939,27
P46940,40
P46941,25
P46942,43
P46943,38
P46944,24
P46945,38
P46946,39
P46947,40
P46948,33
P46949,23
P46950,40
P46951,34
P46952,38
P46953,33
P46954,38
P46955,32
P46956,34
P46957,28
P46958,48
P46959,32
P46960,38
P46961,42
P46962,26
P46963,53
P46964,56
P46965,35
P46966,44
P46967,37
P46968,32
P46969,30
P46970,43
P46971,29
P46972,26
P46973,53
P46974,46
P46975,36
P46976,26
P46977,35
P46978,43
P46979,30
P46980,48
P46981,43
P46982,34
P46983,26
P46984,60
P46985,24
P46986,40
P46987,56
P46988,35
P46989,33
P46990,24
P46991,29
P46992,43
P46993,36
P46994,56
P46995,32
P46996,43
P46997,39
P46998,42
P46999,40
P47000,44
P47001,32
P47002,36
P47003,45
P47004,40
P47005,40
P47006,25
P47007,30
P47008,27
P47009,36
P47010,34
P47011,43
P47012,27
P47013,31
P47014,40
P47015,36
P47016,23
P47017,32
P47018,33
P47019,30
P47020,26
P47021,33
P47022,39
P47023,30
P47024,23
P47025,30
P47026,24
P47027,38
P47028,29
P47029,25
P47030,55
P47031,33
P47032,24
P47033,34
P47034,33
P47035,32
P47036,32
P47037,37
P47038,46
P47039,43
P47040,57
P47041,49
P47042,26
P47043,23
P47044,34
P47045,24
P47046,26
P47047,32
P47048,34
P47049,33
P47050,23
P47051,35
P47052,40
P47053,40
P47054,43
P47055,42
P47056,23
P47057,24
P47058,30
P47059,52
P47060,43
P47061,32
P47062,35
P47063,31
P47064,47
P47065,23
P47066,28
P47067,56
P47068,34
P47069,43
P47070,38
P47071,40
P47072,28
P47073,60
P47074,27
P47075,35
P47076,44
P47077,42
P47078,29
P47079,31
P47080,33
P47081,50
P47082,33
P47083,30
P47084,43
P47085,46
P47086,38
P47087,26
P47088,36
P47089,57
P47090,36
P47091,43
P47092,47
P47093,30
P47094,43
P47095,43
P47096,39
P47097,33
P47098,63
P47099,26
P47100,28
P47101,37
P47102,32
P47103,40
P47104,36
P47105,53
P47106,31
P47107,35
P47108,33
P47109,54
P47110,33
P47111,48
P47112,38
P47113,43
P47114,36
P47115,36
P47116,29
P47117,56
P47118,36
P47119,33
P47120,59
P47121,43
P47122,28
P47123,36
P47124,46
P47125,48
P47126,40
P47127,25
P47128,23
P47129,50
P47130,28
P47131,42
P47132,44
P47133,26
P47134,42
P47135,56
P47136,39
P47137,38
P47138,24
P47139,29
P47140,40
P47141,29
P47142,38
P47143,37
P47144,23
P47145,38
P47146,31
P47147,37
P47148,34
P47149,43
P47150,47
P47151,56
P47152,27
P47153,24
P47154,25
P47155,40
P47156,57
P47157,23
P47158,36
P47159,41
P47160,23
P47161,47
P47162,45
P47163,40
P47164,46
P47165,45
P47166,51
P47167,36
P47168,23
P47169,38
P47170,31
P47171,29
P47172,50
P47173,43
P47174,30
P47175,39
P47176,39
P47177,40
P47178,36
P47179,25
P47180,41
P47181,24
P47182,50
P47183,28
P47184,43
P47185,31
P47186,24
P47187,40
P47188,50
P47189,29
P47190,33
P47191,23
P47192,33
P47193,34
P47194,36
P47195,29
P47196,50
P47197,33
P47198,40
P47199,26
P47200,44
P47201,63
P47202,23
P47203,26
P47204,55
P47205,30
P47206,43
P47207,60
P47208,30
P47209,38
P47210,50
P47211,26
P47212,56
P47213,39
P47214,30
P47215,31
P47216,23
P47217,52
P47218,33
P47219,34
P47220,34
P47221,23
P47222,40
P47223,27
P47224,40
P47225,33
P47226,43
P47227,27
P47228,43
P47229,46
P47230,40
P47231,37
P47232,53
P47233,27
P47234,32
P47235,26
P47236,37
P47237,34
P47238,53
P47239,35
P47240,37
P47241,40
P47242,48
P47243,30
P47244,32
P47245,34
P47246,29
P47247,40
P47248,56
P47249,23
P47250,29
P47251,23
P47252,26
P47253,33
P47254,56
P47255,61
P47256,26
P47257,28
P47258,40
P47259,29
P47260,45
P47261,33
P47262,34
P47263,63
P47264,29
P47265,25
P47266,38
P47267,56
P47268,23
P47269,23
P47270,32
P47271,28
P47272,33
P47273,39
P47274,41
P47275,30
P47276,43
P47277,30
P47278,30
P47279,50
P47280,25
P47281,40
P47282,24
P47283,43
P47284,23
P47285,50
P47286,46
P47287,30
P47288,36
P47289,27
P47290,33
P47291,32
P47292,37
P47293,26
P47294,31
P47295,33
P47296,33
P47297,30
P47298,33
P47299,36
P47300,23
P47301,31
P47302,36
P47303,33
P47304,50
P47305,51
P47306,26
P47307,34
P47308,42
P47309,29
P47310,40
P47311,46
P47312,24
P47313,54
P47314,32
P47315,29
P47316,53
P47317,26
P47318,30
P47319,34
P47320,23
P47321,37
P47322,43
P47323,37
P47324,43
P47325,39
P47326,33
P47327,30
P47328,23
P47329,43
P47330,50
P47331,31
P47332,46
P47333,53
P47334,36
P47335,28
P47336,35
P47337,30
P47338,23
P47339,49
P47340,35
P47341,23
P47342,24
P47343,25
P47344,33
P47345,27
P47346,44
P47347,28
P47348,44
P47349,36
P47350,37
P47351,43
P47352,40
P47353,30
P47354,53
P47355,30
P47356,29
P47357,38
P47358,40
P47359,28
P47360,40
P47361,41
P47362,29
P47363,42
P47364,51
P47365,53
P47366,35
P47367,36
P47368,26
P47369,30
P47370,23
P47371,37
P47372,33
P47373,24
P47374,34
P47375,42
P47376,46
P47377,32
P47378,40
P47379,50
P47380,45
P47381,40
P47382,23
P47383,23
P47384,29
P47385,53
P47386,33
P47387,43
P47388,49
P47389,56
P47390,36
P47391,39
P47392,33
P47393,23
P47394,33
P47395,33
P47396,46
P47397,36
P47398,46
P47399,30
P47400,26
P47401,33
P47402,37
P47403,29
P47404,40
P47405,25
P47406,41
P47407,30
P47408,43
P47409,23
P47410,42
P47411,40
P47412,26
P47413,42
P47414,33
P47415,26
P47416,43
P47417,24
P47418,33
P47419,40
P47420,34
P47421,53
P47422,34
P47423,42
P47424,26
P47425,35
P47426,33
P47427,38
P47428,53
P47429,25
P47430,59
P47431,60
P47432,53
P47433,40
P47434,41
P47435,56
P47436,27
P47437,34
P47438,43
P47439,40
P47440,32
P47441,26
P47442,31
P47443,36
P47444,57
P47445,23
P47446,32
P47447,24
P47448,26
P47449,50
P47450,24
P47451,50
P47452,46
P47453,50
P47454,50
P47455,35
P47456,28
P47457,24
P47458,36
P47459,26
P47460,36
P47461,50
P47462,34
P47463,36
P47464,40
P47465,48
P47466,29
P47467,44
P47468,33
P47469,25
P47470,45
P47471,35
P47472,27
P47473,24
P47474,43
P47475,37
P47476,37
P47477,28
P47478,30
P47479,43
P47480,43
P47481,42
P47482,33
P47483,40
P47484,35
P47485,26
P47486,33
P47487,39
P47488,28
P47489,43
P47490,25
P47491,29
P47492,30
P47493,40
P47494,25
P47495,42
P47496,29
P47497,43
P47498,26
P47499,23
P47500,35
P47501,29
P47502,36
P47503,50
P47504,43
P47505,36
P47506,25
P47507,23
P47508,33
P47509,37
P47510,35
P47511,29
P47512,45
P47513,40
P47514,31
P47515,46
P47516,31
P47517,35
P47518,26
P47519,36
P47520,36
P47521,36
P47522,28
P47523,28
P47524,34
P47525,30
P47526,40
P47527,26
P47528,23
P47529,27
P47530,40
P47531,26
P47532,23
P47533,45
P47534,53
P47535,42
P47536,24
P47537,28
P47538,42
P47539,28
P47540,27
P47541,36
P47542,23
P47543,40
P47544,23
P47545,29
P47546,53
P47547,40
P47548,26
P47549,43
P47550,25
P47551,44
P47552,23
P47553,36
P47554,33
P47555,40
P47556,40
P47557,28
P47558,36
P47559,24
P47560,38
P47561,33
P47562,23
P47563,36
P47564,35
P47565,46
P47566,46
P47567,63
P47568,43
P47569,38
P47570,56
P47571,40
P47572,36
P47573,35
P47574,30
P47575,46
P47576,23
P47577,25
P47578,53
P47579,50
P47580,30
P47581,46
P47582,25
P47583,28
P47584,58
P47585,26
P47586,39
P47587,38
P47588,43
P47589,40
P47590,35
P47591,36
P47592,34
P47593,39
P47594,43
P47595,23
P47596,38
P47597,28
P47598,36
P47599,28
P47600,47
P47601,26
P47602,35
P47603,31
P47604,42
P47605,28
P47606,23
P47607,43
P47608,45
P47609,49
P47610,30
P47611,43
P47612,30
P47613,36
P47614,46
P47615,49
P47616,50
P47617,40
P47618,47
P47619,34
P47620,60
P47621,30
P47622,30
P47623,43
P47624,43
P47625,51
P47626,43
P47627,36
P47628,26
P47629,33
P47630,44
P47631,36
P47632,30
P47633,27
P47634,37
P47635,49
P47636,25
P47637,33
P47638,41
P47639,46
P47640,63
P47641,50
P47642,30
P47643,52
P47644,49
P47645,28
P47646,24
P47647,37
P47648,35
P47649,30
P47650,35
P47651,26
P47652,23
P47653,30
P47654,25
P47655,33
P47656,60
P47657,43
P47658,46
P47659,44
P47660,36
P47661,37
P47662,27
P47663,40
P47664,43
P47665,38
P47666,35
P47667,35
P47668,29
P47669,37
P47670,43
P47671,36
P47672,33
P47673,31
P47674,41
P47675,23
P47676,43
P47677,44
P47678,40
P47679,23
P47680,29
P47681,24
P47682,39
P47683,49
P47684,33
P47685,36
P47686,31
P47687,40
P47688,30
P47689,56
P47690,27
P47691,30
P47692,43
P47693,36
P47694,24
P47695,36
P47696,35
P47697,34
P47698,31
P47699,25
P47700,54
P47701,43
P47702,23
P47703,29
P47704,44
P47705,46
P47706,38
P47707,26
P47708,40
P47709,47
P47710,40
P47711,36
P47712,31
P47713,27
P47714,37
P47715,36
P47716,36
P47717,30
P47718,36
P47719,34
P47720,45
P47721,33
P47722,57
P47723,37
P47724,26
P47725,54
P47726,32
P47727,50
P47728,53
P47729,24
P47730,24
P47731,36
P47732,28
P47733,40
P47734,43
P47735,32
P47736,36
P47737,23
P47738,33
P47739,47
P47740,40
P47741,40
P47742,54
P47743,26
P47744,35
P47745,36
P47746,30
P47747,49
P47748,30
P47749,36
P47750,46
P47751,41
P47752,53
P47753,40
P47754,57
P47755,30
P47756,40
P47757,30
P47758,41
P47759,26
P47760,23
P47761,41
P47762,24
P47763,38
P47764,26
P47765,30
P47766,47
P47767,46
P47768,37
P47769,36
P47770,25
P47771,29
P47772,23
P47773,28
P47774,24
P47775,30
P47776,25
P47777,40
P47778,25
P47779,30
P47780,26
P47781,23
P47782,34
P47783,60
P47784,53
P47785,35
P47786,28
P47787,34
P47788,36
P47789,57
P47790,27
P47791,36
P47792,40
P47793,40
P47794,33
P47795,33
P47796,28
P47797,29
P47798,29
P47799,39
P47800,36
P47801,31
P47802,31
P47803,27
P47804,25
P47805,53
P47806,33
P47807,32
P47808,23
P47809,23
P47810,26
P47811,23
P47812,38
P47813,43
P47814,44
P47815,33
P47816,40
P47817,30
P47818,43
P47819,24
P47820,46
P47821,26
P47822,43
P47823,49
P47824,42
P47825,36
P47826,23
P47827,43
P47828,36
P47829,32
P47830,26
P47831,36
P47832,24
P47833,30
P47834,28
P47835,33
P47836,40
P47837,31
P47838,30
P47839,46
P47840,43
P47841,32
P47842,42
P47843,27
P47844,54
P47845,36
P47846,32
P47847,40
P47848,26
P47849,42
P47850,34
P47851,24
P47852,26
P47853,28
P47854,43
P47855,23
P47856,38
P47857,33
P47858,29
P47859,46
P47860,29
P47861,51
P47862,30
P47863,25
P47864,38
P47865,38
P47866,53
P47867,43
P47868,36
P47869,47
P47870,37
P47871,36
P47872,53
P47873,38
P47874,25
P47875,43
P47876,31
P47877,53
P47878,56
P47879,36
P47880,38
P47881,40
P47882,39
P47883,33
P47884,26
P47885,43
P47886,40
P47887,26
P47888,37
P47889,43
P47890,37
P47891,42
P47892,33
P47893,32
P47894,43
P47895,44
P47896,53
P47897,38
P47898,50
P47899,30
P47900,38
P47901,33
P47902,33
P47903,46
P47904,42
P47905,56
P47906,58
P47907,46
P47908,35
P47909,27
P47910,34
P47911,23
P47912,30
P47913,43
P47914,48
P47915,55
P47916,39
P47917,40
P47918,34
P47919,38
P47920,48
P47921,43
P47922,29
P47923,33
P47924,38
P47925,40
P47926,26
P47927,35
P47928,42
P47929,46
P47930,28
P47931,33
P47932,39
P47933,52
P47934,47
P47935,40
P47936,23
P47937,43
P47938,38
P47939,52
P47940,41
P47941,36
P47942,41
P47943,24
P47944,36
P47945,50
P47946,50
P47947,23
P47948,36
P47949,32
P47950,23
P47951,23
P47952,28
P47953,39
P47954,40
P47955,43
P47956,25
P47957,46
P47958,26
P47959,26
P47960,33
P47961,33
P47962,36
P47963,43
P47964,36
P47965,25
P47966,41
P47967,40
P47968,25
P47969,40
P47970,27
P47971,29
P47972,43
P47973,26
P47974,23
P47975,23
P47976,40
P47977,60
P47978,23
P47979,26
P47980,40
P47981,23
P47982,40
P47983,38
P47984,47
P47985,40
P47986,30
P47987,36
P47988,39
P47989,44
P47990,26
P47991,23
P47992,43
P47993,36
P47994,23
P47995,23
P47996,26
P47997,36
P47998,34
P47999,33
P48000,23
P48001,36
P48002,36
P48003,29
P48004,27
P48005,30
P48006,36
P48007,39
P48008,35
P48009,36
P48010,26
P48011,34
P48012,31
P48013,49
P48014,56
P48015,24
P48016,38
P48017,43
P48018,27
P48019,43
P48020,35
P48021,40
P48022,30
P48023,47
P48024,26
P48025,47
P48026,44
P48027,30
P48028,30
P48029,26
P48030,31
P48031,43
P48032,37
P48033,23
P48034,51
P48035,30
P48036,36
P48037,33
P48038,41
P48039,33
P48040,23
P48041,24
P48042,53
P48043,24
P48044,33
P48045,54
P48046,38
P48047,36
P48048,56
P48049,43
P48050,43
P48051,50
P48052,23
P48053,40
P48054,30
P48055,30
P48056,24
P48057,30
P48058,47
P48059,40
P48060,29
P48061,38
P48062,53
P48063,28
P48064,24
P48065,35
P48066,34
P48067,50
P48068,30
P48069,36
P48070,45
P48071,34
P48072,46
P48073,30
P48074,56
P48075,53
P48076,24
P48077,42
P48078,36
P48079,55
P48080,56
P48081,41
P48082,23
P48083,41
P48084,23
P48085,40
P48086,27
P48087,56
P48088,49
P48089,34
P48090,40
P48091,42
P48092,49
P48093,43
P48094,23
P48095,36
P48096,43
P48097,30
P48098,33
P48099,44
P48100,42
P48101,30
P48102,23
P48103,30
P48104,33
P48105,51
P48106,35
P48107,51
P48108,28
P48109,27
P48110,32
P48111,25
P48112,38
P48113,30
P48114,29
P48115,44
P48116,46
P48117,47
P48118,40
P48119,33
P48120,40
P48121,25
P48122,46
P48123,30
P48124,43
P48125,46
P48126,33
P48127,33
P48128,33
P48129,30
P48130,28
P48131,30
P48132,24
P48133,47
P48134,26
P48135,47
P48136,29
P48137,52
P48138,51
P48139,36
P48140,36
P48141,28
P48142,36
P48143,39
P48144,24
P48145,26
P48146,70
P48147,35
P48148,23
P48149,33
P48150,33
P48151,53
P48152,46
P48153,36
P48154,48
P48155,26
P48156,30
P48157,42
P48158,36
P48159,23
P48160,26
P48161,29
P48162,40
P48163,33
P48164,33
P48165,53
P48166,26
P48167,27
P48168,30
P48169,23
P48170,42
P48171,30
P48172,50
P48173,29
P48174,36
P48175,43
P48176,40
P48177,43
P48178,38
P48179,40
P48180,52
P48181,33
P48182,46
P48183,46
P48184,36
P48185,29
P48186,31
P48187,30
P48188,26
P48189,36
P48190,28
P48191,36
P48192,43
P48193,37
P48194,43
P48195,31
P48196,60
P48197,28
P48198,42
P48199,40
P48200,36
P48201,37
P48202,50
P48203,33
P48204,36
P48205,24
P48206,33
P48207,23
P48208,38
P48209,41
P48210,58
P48211,31
P48212,23
P48213,39
P48214,23
P48215,33
P48216,40
P48217,37
P48218,43
P48219,32
P48220,32
P48221,29
P48222,25
P48223,34
P48224,33
P48225,25
P48226,40
P48227,25
P48228,37
P48229,44
P48230,30
P48231,24
P48232,51
P48233,48
P48234,43
P48235,34
P48236,26
P48237,30
P48238,51
P48239,48
P48240,26
P48241,35
P48242,50
P48243,33
P48244,33
P48245,30
P48246,44
P48247,36
P48248,41
P48249,30
P48250,26
P48251,40
P48252,37
P48253,29
P48254,26
P48255,34
P48256,29
P48257,43
P48258,36
P48259,30
P48260,30
P48261,36
P48262,43
P48263,43
P48264,30
P48265,37
P48266,40
P48267,24
P48268,25
P48269,33
P48270,40
P48271,43
P48272,50
P48273,30
P48274,36
P48275,40
P48276,27
P48277,44
P48278,30
P48279,29
P48280,51
P48281,40
P48282,29
P48283,23
P48284,46
P48285,35
P48286,37
P48287,37
P48288,43
P48289,40
P48290,60
P48291,42
P48292,40
P48293,28
P48294,26
P48295,44
P48296,57
P48297,34
P48298,50
P48299,26
P48300,52
P48301,43
P48302,31
P48303,37
P48304,33
P48305,33
P48306,46
P48307,25
P48308,36
P48309,40
P48310,43
P48311,40
P48312,43
P48313,45
P48314,35
P48315,46
P48316,30
P48317,46
P48318,26
P48319,40
P48320,43
P48321,54
P48322,43
P48323,31
P48324,49
P48325,30
P48326,56
P48327,38
P48328,25
P48329,37
P48330,41
P48331,34
P48332,43
P48333,34
P48334,43
P48335,46
P48336,31
P48337,50
P48338,36
P48339,36
P48340,51
P48341,37
P48342,26
P48343,26
P48344,36
P48345,30
P48346,46
P48347,26
P48348,43
P48349,29
P48350,39
P48351,33
P48352,46
P48353,28
P48354,46
P48355,30
P48356,26
P48357,24
P48358,29
P48359,43
P48360,46
P48361,24
P48362,36
P48363,43
P48364,40
P48365,30
P48366,47
P48367,23
P48368,43
P48369,43
P48370,33
P48371,34
P48372,35
P48373,49
P48374,45
P48375,27
P48376,41
P48377,36
P48378,40
P48379,43
P48380,27
P48381,41
P48382,46
P48383,43
P48384,26
P48385,40
P48386,37
P48387,26
P48388,40
P48389,33
P48390,60
P48391,26
P48392,36
P48393,50
P48394,43
P48395,33
P48396,50
P48397,37
P48398,40
P48399,40
P48400,43
P48401,35
P48402,39
P48403,41
P48404,42
P48405,33
P48406,31
P48407,46
P48408,39
P48409,25
P48410,55
P48411,41
P48412,48
P48413,36
P48414,36
P48415,28
P48416,40
P48417,40
P48418,40
P48419,33
P48420,40
P48421,26
P48422,40
P48423,27
P48424,40
P48425,43
P48426,50
P48427,36
P48428,37
P48429,44
P48430,36
P48431,52
P48432,26
P48433,30
P48434,33
P48435,36
P48436,26
P48437,31
P48438,66
P48439,24
P48440,40
P48441,33
P48442,40
P48443,56
P48444,24
P48445,48
P48446,40
P48447,43
P48448,33
P48449,40
P48450,29
P48451,33
P48452,35
P48453,36
P48454,37
P48455,47
P48456,43
P48457,38
P48458,40
P48459,32
P48460,36
P48461,28
P48462,63
P48463,32
P48464,44
P48465,37
P48466,36
P48467,36
P48468,60
P48469,53
P48470,40
P48471,58
P48472,36
P48473,43
P48474,24
P48475,40
P48476,33
P48477,30
P48478,29
P48479,39
P48480,46
P48481,50
P48482,33
P48483,40
P48484,36
P48485,30
P48486,50
P48487,33
P48488,31
P48489,40
P48490,26
P48491,35
P48492,43
P48493,40
P48494,30
P48495,62
P48496,40
P48497,26
P48498,55
P48499,46
P48500,30
P48501,26
P48502,56
P48503,27
P48504,61
P48505,39
P48506,43
P48507,40
P48508,46
P48509,37
P48510,33
P48511,30
P48512,25
P48513,40
P48514,53
P48515,46
P48516,43
P48517,37
P48518,23
P48519,36
P48520,40
P48521,33
P48522,26
P48523,36
P48524,43
P48525,40
P48526,36
P48527,33
P48528,24
P48529,26
P48530,27
P48531,36
P48532,43
P48533,33
P48534,56
P48535,31
P48536,30
P48537,45
P48538,36
P48539,30
P48540,30
P48541,40
P48542,24
P48543,41
P48544,43
P48545,43
P48546,36
P48547,57
P48548,36
P48549,50
P48550,29
P48551,40
P48552,24
P48553,30
P48554,37
P48555,43
P48556,33
P48557,41
P48558,43
P48559,24
P48560,36
P48561,40
P48562,28
P48563,44
P48564,27
P48565,50
P48566,23
P48567,32
P48568,41
P48569,48
P48570,25
P48571,41
P48572,31
P48573,33
P48574,23
P48575,39
P48576,56
P48577,26
P48578,44
P48579,28
P48580,29
P48581,32
P48582,30
P48583,23
P48584,43
P48585,46
P48586,23
P48587,26
P48588,37
P48589,46
P48590,30
P48591,37
P48592,31
P48593,53
P48594,43
P48595,40
P48596,53
P48597,61
P48598,30
P48599,38
P48600,28
P48601,43
P48602,30
P48603,23
P48604,36
P48605,36
P48606,43
P48607,50
P48608,28
P48609,36
P48610,35
P48611,45
P48612,45
P48613,34
P48614,30
P48615,36
P48616,30
P48617,33
P48618,57
P48619,45
P48620,35
P48621,32
P48622,34
P48623,36
P48624,36
P48625,32
P48626,24
P48627,30
P48628,32
P48629,23
P48630,23
P48631,37
P48632,56
P48633,23
P48634,23
P48635,58
P48636,26
P48637,46
P48638,28
P48639,24
P48640,25
P48641,55
P48642,56
P48643,36
P48644,47
P48645,28
P48646,33
P48647,33
P48648,39
P48649,37
P48650,31
P48651,43
P48652,38
P48653,31
P48654,30
P48655,23
P48656,46
P48657,46
P48658,40
P48659,46
P48660,48
P48661,37
P48662,28
P48663,23
P48664,36
P48665,26
P48666,27
P48667,30
P48668,33
P48669,23
P48670,46
P48671,43
P48672,24
P48673,46
P48674,39
P48675,45
P48676,63
P48677,41
P48678,42
P48679,36
P48680,34
P48681,40
P48682,30
P48683,53
P48684,33
P48685,44
P48686,33
P48687,26
P48688,34
P48689,33
P48690,34
P48691,40
P48692,56
P48693,26
P48694,43
P48695,45
P48696,56
P48697,36
P48698,35
P48699,33
P48700,40
P48701,23
P48702,33
P48703,41
P48704,23
P48705,46
P48706,25
P48707,53
P48708,39
P48709,33
P48710,56
P48711,33
P48712,29
P48713,40
P48714,34
P48715,26
P48716,36
P48717,26
P48718,36
P48719,26
P48720,40
P48721,62
P48722,30
P48723,46
P48724,50
P48725,51
P48726,26
P48727,25
P48728,40
P48729,28
P48730,26
P48731,56
P48732,43
P48733,31
P48734,31
P48735,34
P48736,43
P48737,25
P48738,35
P48739,40
P48740,46
P48741,36
P48742,38
P48743,30
P48744,43
P48745,26
P48746,29
P48747,34
P48748,33
P48749,40
P48750,38
P48751,36
P48752,23
P48753,48
P48754,31
P48755,32
P48756,58
P48757,23
P48758,26
P48759,30
P48760,36
P48761,37
P48762,33
P48763,26
P48764,26
P48765,41
P48766,30
P48767,23
P48768,40
P48769,36
P48770,39
P48771,42
P48772,48
P48773,40
P48774,40
P48775,41
P48776,47
P48777,25
P48778,50
P48779,29
P48780,37
P48781,43
P48782,33
P48783,23
P48784,46
P48785,49
P48786,37
P48787,39
P48788,26
P48789,23
P48790,46
P48791,36
P48792,41
P48793,24
P48794,30
P48795,50
P48796,29
P48797,48
P48798,33
P48799,43
P48800,23
P48801,26
P48802,25
P48803,32
P48804,35
P48805,30
P48806,28
P48807,29
P48808,26
P48809,23
P48810,43
P48811,30
P48812,35
P48813,36
P48814,38
P48815,27
P48816,38
P48817,46
P48818,25
P48819,30
P48820,36
P48821,40
P48822,38
P48823,30
P48824,29
P48825,29
P48826,41
P48827,31
P48828,43
P48829,43
P48830,30
P48831,26
P48832,44
P48833,30
P48834,40
P48835,43
P48836,24
P48837,40
P48838,50
P48839,33
P48840,26
P48841,24
P48842,36
P48843,42
P48844,36
P48845,40
P48846,29
P48847,46
P48848,28
P48849,45
P48850,28
P48851,45
P48852,24
P48853,30
P48854,36
P48855,33
P48856,33
P48857,31
P48858,39
P48859,26
P48860,23
P48861,30
P48862,32
P48863,43
P48864,28
P48865,30
P48866,33
P48867,36
P48868,59
P48869,40
P48870,45
P48871,32
P48872,36
P48873,50
P48874,46
P48875,49
P48876,32
P48877,26
P48878,55
P48879,30
P48880,57
P48881,51
P48882,43
P48883,30
P48884,56
P48885,43
P48886,29
P48887,42
P48888,33
P48889,53
P48890,43
P48891,40
P48892,30
P48893,28
P48894,34
P48895,43
P48896,26
P48897,40
P48898,36
P48899,35
P48900,43
P48901,30
P48902,40
P48903,41
P48904,23
P48905,50
P48906,46
P48907,37
P48908,27
P48909,43
P48910,40
P48911,30
P48912,46
P48913,29
P48914,40
P48915,36
P48916,26
P48917,55
P48918,30
P48919,26
P48920,23
P48921,46
P48922,32
P48923,26
P48924,29
P48925,40
P48926,31
P48927,23
P48928,31
P48929,35
P48930,26
P48931,49
P48932,32
P48933,43
P48934,32
P48935,28
P48936,33
P48937,31
P48938,31
P48939,44
P48940,28
P48941,41
P48942,31
P48943,53
P48944,46
P48945,44
P48946,24
P48947,36
P48948,43
P48949,32
P48950,36
P48951,28
P48952,46
P48953,23
P48954,30
P48955,34
P48956,36
P48957,50
P48958,46
P48959,31
P48960,40
P48961,35
P48962,37
P48963,33
P48964,36
P48965,35
P48966,38
P48967,45
P48968,27
P48969,26
P48970,36
P48971,35
P48972,46
P48973,50
P48974,26
P48975,60
P48976,38
P48977,40
P48978,24
P48979,23
P48980,41
P48981,28
P48982,54
P48983,30
P48984,30
P48985,50
P48986,52
P48987,31
P48988,43
P48989,43
P48990,32
P48991,26
P48992,43
P48993,38
P48994,36
P48995,41
P48996,40
P48997,60
P48998,30
P48999,36
P49000,35
P49001,36
P49002,43
P49003,36
P49004,33
P49005,50
P49006,61
P49007,40
P49008,29
P49009,26
P49010,24
P49011,36
P49012,29
P49013,46
P49014,31
P49015,33
P49016,35
P49017,26
P49018,43
P49019,32
P49020,40
P49021,33
P49022,47
P49023,36
P49024,43
P49025,23
P49026,40
P49027,40
P49028,36
P49029,40
P49030,25
P49031,38
P49032,35
P49033,46
P49034,26
P49035,36
P49036,43
P49037,46
P49038,36
P49039,30
P49040,40
P49041,29
P49042,40
P49043,23
P49044,25
P49045,28
P49046,36
P49047,36
P49048,36
P49049,46
P49050,30
P49051,36
P49052,43
P49053,63
P49054,26
P49055,28
P49056,30
P49057,27
P49058,43
P49059,30
P49060,36
P49061,42
P49062,40
P49063,50
P49064,33
P49065,48
P49066,31
P49067,40
P49068,53
P49069,35
P49070,35
P49071,27
P49072,42
P49073,30
P49074,34
P49075,23
P49076,40
P49077,34
P49078,50
P49079,55
P49080,24
P49081,24
P49082,26
P49083,46
P49084,34
P49085,25
P49086,27
P49087,41
P49088,27
P49089,36
P49090,26
P49091,25
P49092,30
P49093,36
P49094,38
P49095,40
P49096,53
P49097,44
P49098,33
P49099,30
P49100,45
P49101,53
P49102,36
P49103,36
P49104,54
P49105,30
P49106,35
P49107,36
P49108,33
P49109,38
P49110,43
P49111,46
P49112,37
P49113,33
P49114,28
P49115,30
P49116,58
P49117,44
P49118,23
P49119,42
P49120,46
P49121,35
P49122,33
P49123,36
P49124,43
P49125,45
P49126,27
P49127,48
P49128,40
P49129,33
P49130,36
P49131,28
P49132,50
P49133,51
P49134,28
P49135,36
P49136,28
P49137,39
P49138,23
P49139,37
P49140,43
P49141,30
P49142,24
P49143,43
P49144,53
P49145,40
P49146,26
P49147,47
P49148,41
P49149,26
P49150,53
P49151,53
P49152,59
P49153,30
P49154,33
P49155,30
P49156,50
P49157,50
P49158,43
P49159,31
P49160,46
P49161,44
P49162,30
P49163,54
P49164,23
P49165,43
P49166,31
P49167,50
P49168,37
P49169,35
P49170,23
P49171,25
P49172,43
P49173,33
P49174,23
P49175,53
P49176,25
P49177,28
P49178,44
P49179,48
P49180,32
P49181,44
P49182,38
P49183,28
P49184,50
P49185,40
P49186,43
P49187,43
P49188,29
P49189,36
P49190,45
P49191,32
P49192,24
P49193,37
P49194,48
P49195,43
P49196,26
P49197,37
P49198,49
P49199,33
P49200,41
P49201,24
P49202,60
P49203,39
P49204,47
P49205,42
P49206,42
P49207,38
P49208,38
P49209,48
P49210,23
P49211,34
P49212,36
P49213,43
P49214,44
P49215,33
P49216,38
P49217,42
P49218,24
P49219,23
P49220,53
P49221,26
P49222,23
P49223,36
P49224,30
P49225,35
P49226,43
P49227,43
P49228,30
P49229,24
P49230,26
P49231,37
P49232,36
P49233,30
P49234,25
P49235,33
P49236,27
P49237,31
P49238,31
P49239,31
P49240,43
P49241,25
P49242,50
P49243,47
P49244,26
P49245,43
P49246,23
P49247,39
P49248,61
P49249,40
P49250,35
P49251,38
P49252,31
P49253,38
P49254,31
P49255,46
P49256,40
P49257,48
P49258,49
P49259,53
P49260,41
P49261,23
P49262,44
P49263,29
P49264,53
P49265,46
P49266,34
P49267,43
P49268,32
P49269,36
P49270,43
P49271,33
P49272,31
P49273,53
P49274,48
P49275,30
P49276,36
P49277,37
P49278,24
P49279,42
P49280,36
P49281,56
P49282,27
P49283,46
P49284,30
P49285,30
P49286,33
P49287,30
P49288,45
P49289,40
P49290,27
P49291,26
P49292,28
P49293,32
P49294,37
P49295,43
P49296,29
P49297,26
P49298,30
P49299,46
P49300,28
P49301,23
P49302,43
P49303,46
P49304,48
P49305,23
P49306,40
P49307,40
P49308,23
P49309,39
P49310,28
P49311,53
P49312,43
P49313,31
P49314,43
P49315,35
P49316,34
P49317,50
P49318,36
P49319,45
P49320,33
P49321,50
P49322,43
P49323,32
P49324,38
P49325,40
P49326,38
P49327,31
P49328,37
P49329,33
P49330,24
P49331,30
P49332,37
P49333,40
P49334,38
P49335,46
P49336,56
P49337,50
P49338,47
P49339,26
P49340,23
P49341,27
P49342,41
P49343,29
P49344,27
P49345,28
P49346,30
P49347,46
P49348,30
P49349,39
P49350,32
P49351,37
P49352,43
P49353,37
P49354,26
P49355,39
P49356,56
P49357,38
P49358,23
P49359,37
P49360,53
P49361,44
P49362,35
P49363,25
P49364,42
P49365,26
P49366,48
P49367,43
P49368,37
P49369,53
P49370,35
P49371,40
P49372,23
P49373,34
P49374,42
P49375,46
P49376,32
P49377,23
P49378,42
P49379,35
P49380,30
P49381,30
P49382,24
P49383,40
P49384,43
P49385,40
P49386,25
P49387,38
P49388,30
P49389,52
P49390,36
P49391,46
P49392,53
P49393,28
P49394,33
P49395,26
P49396,43
P49397,26
P49398,31
P49399,26
P49400,40
P49401,41
P49402,29
P49403,24
P49404,33
P49405,60
P49406,40
P49407,45
P49408,24
P49409,40
P49410,33
P49411,23
P49412,43
P49413,25
P49414,24
P49415,23
P49416,44
P49417,33
P49418,23
P49419,60
P49420,60
P49421,30
P49422,30
P49423,30
P49424,27
P49425,53
P49426,54
P49427,34
P49428,46
P49429,23
P49430,40
P49431,29
P49432,50
P49433,40
P49434,46
P49435,30
P49436,43
P49437,36
P49438,23
P49439,28
P49440,30
P49441,43
P49442,26
P49443,23
P49444,40
P49445,52
P49446,23
P49447,39
P49448,26
P49449,44
P49450,37
P49451,27
P49452,26
P49453,36
P49454,55
P49455,44
P49456,24
P49457,50
P49458,46
P49459,26
P49460,36
P49461,38
P49462,32
P49463,42
P49464,31
P49465,47
P49466,26
P49467,31
P49468,27
P49469,45
P49470,36
P49471,25
P49472,33
P49473,33
P49474,37
P49475,33
P49476,59
P49477,26
P49478,43
P49479,33
P49480,26
P49481,40
P49482,38
P49483,29
P49484,43
P49485,31
P49486,23
P49487,29
P49488,41
P49489,60
P49490,43
P49491,36
P49492,23
P49493,40
P49494,24
P49495,50
P49496,25
P49497,50
P49498,26
P49499,32
P49500,40
P49501,42
P49502,51
P49503,44
P49504,56
P49505,63
P49506,60
P49507,43
P49508,50
P49509,36
P49510,25
P49511,25
P49512,36
P49513,43
P49514,29
P49515,56
P49516,30
P49517,43
P49518,40
P49519,24
P49520,36
P49521,44
P49522,32
P49523,26
P49524,29
P49525,35
P49526,44
P49527,38
P49528,29
P49529,32
P49530,46
P49531,43
P49532,59
P49533,36
P49534,25
P49535,40
P49536,23
P49537,37
P49538,26
P49539,36
P49540,45
P49541,43
P49542,28
P49543,50
P49544,36
P49545,43
P49546,40
P49547,46
P49548,29
P49549,38
P49550,45
P49551,34
P49552,50
P49553,33
P49554,37
P49555,40
P49556,48
P49557,41
P49558,40
P49559,30
P49560,30
P49561,34
P49562,29
P49563,46
P49564,37
P49565,32
P49566,43
P49567,33
P49568,40
P49569,30
P49570,34
P49571,53
P49572,60
P49573,38
P49574,24
P49575,46
P49576,40
P49577,30
P49578,23
P49579,32
P49580,48
P49581,28
P49582,24
P49583,33
P49584,26
P49585,39
P49586,48
P49587,39
P49588,36
P49589,46
P49590,43
P49591,47
P49592,23
P49593,36
P49594,23
P49595,26
P49596,31
P49597,27
P49598,40
P49599,33
P49600,29
P49601,33
P49602,27
P49603,40
P49604,26
P49605,29
P49606,43
P49607,44
P49608,58
P49609,40
P49610,39
P49611,31
P49612,25
P49613,43
P49614,27
P49615,40
P49616,34
P49617,43
P49618,31
P49619,27
P49620,40
P49621,26
P49622,30
P49623,36
P49624,36
P49625,48
P49626,43
P49627,42
P49628,58
P49629,42
P49630,36
P49631,33
P49632,26
P49633,24
P49634,41
P49635,25
P49636,26
P49637,23
P49638,26
P49639,44
P49640,34
P49641,43
P49642,25
P49643,33
P49644,53
P49645,47
P49646,52
P49647,43
P49648,36
P49649,27
P49650,36
P49651,36
P49652,26
P49653,60
P49654,35
P49655,31
P49656,29
P49657,27
P49658,31
P49659,24
P49660,43
P49661,43
P49662,43
P49663,49
P49664,29
P49665,28
P49666,40
P49667,23
P49668,33
P49669,41
P49670,40
P49671,34
P49672,30
P49673,27
P49674,41
P49675,45
P49676,27
P49677,34
P49678,36
P49679,24
P49680,33
P49681,46
P49682,39
P49683,36
P49684,30
P49685,34
P49686,43
P49687,53
P49688,31
P49689,48
P49690,44
P49691,30
P49692,33
P49693,52
P49694,55
P49695,35
P49696,40
P49697,43
P49698,37
P49699,53
P49700,26
P49701,37
P49702,36
P49703,43
P49704,37
P49705,40
P49706,44
P49707,37
P49708,45
P49709,53
P49710,30
P49711,32
P49712,50
P49713,30
P49714,43
P49715,39
P49716,36
P49717,23
P49718,36
P49719,30
P49720,30
P49721,36
P49722,52
P49723,41
P49724,53
P49725,36
P49726,23
P49727,44
P49728,33
P49729,46
P49730,38
P49731,48
P49732,53
P49733,27
P49734,43
P49735,50
P49736,51
P49737,50
P49738,37
P49739,31
P49740,32
P49741,26
P49742,23
P49743,25
P49744,25
P49745,40
P49746,51
P49747,29
P49748,40
P49749,40
P49750,23
P49751,23
P49752,43
P49753,29
P49754,34
P49755,25
P49756,26
P49757,33
P49758,56
P49759,34
P49760,29
P49761,24
P49762,48
P49763,33
P49764,33
P49765,46
P49766,36
P49767,27
P49768,46
P49769,49
P49770,34
P49771,40
P49772,36
P49773,44
P49774,39
P49775,30
P49776,27
P49777,30
P49778,27
P49779,43
P49780,40
P49781,41
P49782,41
P49783,60
P49784,36
P49785,43
P49786,25
P49787,35
P49788,35
P49789,29
P49790,61
P49791,63
P49792,36
P49793,33
P49794,48
P49795,33
P49796,40
P49797,36
P49798,46
P49799,43
P49800,33
P49801,53
P49802,46
P49803,37
P49804,43
P49805,25
P49806,23
P49807,46
P49808,45
P49809,23
P49810,23
P49811,48
P49812,40
P49813,42
P49814,23
P49815,40
P49816,43
P49817,41
P49818,36
P49819,31
P49820,47
P49821,23
P49822,30
P49823,26
P49824,36
P49825,36
P49826,60
P49827,46
P49828,53
P49829,60
P49830,46
P49831,50
P49832,36
P49833,23
P49834,42
P49835,33
P49836,29
P49837,23
P49838,32
P49839,35
P49840,40
P49841,49
P49842,40
P49843,26
P49844,26
P49845,53
P49846,29
P49847,33
P49848,61
P49849,28
P49850,33
P49851,46
P49852,33
P49853,46
P49854,36
P49855,52
P49856,40
P49857,48
P49858,28
P49859,33
P49860,27
P49861,38
P49862,37
P49863,30
P49864,43
P49865,36
P49866,24
P49867,28
P49868,36
P49869,50
P49870,34
P49871,30
P49872,39
P49873,50
P49874,55
P49875,33
P49876,33
P49877,25
P49878,35
P49879,30
P49880,32
P49881,36
P49882,43
P49883,42
P49884,25
P49885,36
P49886,37
P49887,33
P49888,23
P49889,23
P49890,26
P49891,23
P49892,30
P49893,25
P49894,34
P49895,33
P49896,41
P49897,43
P49898,56
P49899,31
P49900,43
P49901,30
P49902,40
P49903,40
P49904,24
P49905,27
P49906,33
P49907,32
P49908,23
P49909,43
P49910,37
P49911,51
P49912,38
P49913,56
P49914,46
P49915,47
P49916,37
P49917,37
P49918,48
P49919,25
P49920,35
P49921,23
P49922,27
P49923,40
P49924,24
P49925,36
P49926,23
P49927,40
P49928,37
P49929,46
P49930,36
P49931,39
P49932,37
P49933,28
P49934,33
P49935,36
P49936,25
P49937,26
P49938,46
P49939,30
P49940,35
P49941,26
P49942,43
P49943,35
P49944,50
P49945,35
P49946,33
P49947,27
P49948,36
P49949,33
P49950,41
P49951,49
P49952,39
P49953,46
P49954,61
P49955,28
P49956,30
P49957,29
P49958,53
P49959,44
P49960,24
P49961,49
P49962,40
P49963,34
P49964,28
P49965,37
P49966,33
P49967,46
P49968,50
P49969,30
P49970,34
P49971,50
P49972,24
P49973,34
P49974,29
P49975,25
P49976,43
P49977,37
P49978,25
P49979,46
P49980,33
P49981,36
P49982,47
P49983,37
P49984,27
P49985,41
P49986,42
P49987,48
P49988,40
P49989,47
P49990,48
P49991,49
P49992,42
P49993,36
P49994,31
P49995,25
P49996,23
P49997,33
P49998,46
P49999,25
P50000,47
